{"AAPL_250613C00200000": {"1749237265": {"Bid Price": 6.7, "Ask Price": 6.8, "Last Price": 6.7, "High Price": 7.25, "Delta": 0.72863241, "Gamma": 0.03705568, "Theta": -0.22553641, "Vega": 0.094946}}}